{
  "name": "web201",
  "version": "1.0.0",
  "description": "Food App",
  "main": "index.js",
  "scripts": {
    "watch:saas": "node-saas saas/main.scss css/style.css -w",
    "dev": "webpack --mode development",
    "build": "webpack --mode production",
    "devServer": "live-server",
    "start": "npm-run-all --parallel devserver watch-saas",
    "start-deprecated": "webpack-dev-server --mode development --open",
    "compile:sass": "node-sass saas/main.scss css/style.comp.css",
    "concat:css": "concat -o css/style.concat.css css/icon-font.css css/style.comp.css",
    "prefix:css": "postcss --use autoprefixer -b 'last 10 versions' style.concat.css -o css/style.prefix.css",
    "compress:css": "node-saas css/style.prefix.css css/style.css --output-style compressed",
    "build:css": "npm-run-all compile:sass concat:css prefix:css compress:css"
  },
  "author": "Hashmat",
  "license": "ISC",
  "devDependencies": {
    "babel-core": "^6.26.3",
    "babel-loader": "^7.1.4",
    "babel-preset-env": "^1.7.0",
    "html-webpack-plugin": "^3.2.0",
    "webpack": "^4.14.0",
    "webpack-cli": "^3.0.8",
    "webpack-dev-server": "^3.1.4"
  },
  "dependencies": {
    "babel-polyfill": "^6.26.0"
  }
}